<?xml version="1.0" encoding="UTF-8"?>
<!DOCTYPE mapper PUBLIC "-//mybatis.org//DTD Mapper 3.0//EN" "http://mybatis.org/dtd/mybatis-3-mapper.dtd">
<mapper namespace="ltd.newbee.mall.dao.UserDao">
    <resultMap type="ltd.newbee.mall.entity.User" id="UserResult">
        <result property="id" column="id"/>
        <result property="name" column="name"/>
        <result property="password" column="password"/>
    </resultMap>

    <!-- 查询用户列表 -->
    <select id="findUsers" parameterType="Map" resultMap="UserResult">
        select id,name,password from tb_user
        order by id desc
        <if test="start!=null and limit!=null">
            limit #{start},#{limit}
        </if>
    </select>

    <!-- 查询用户总数 -->
    <select id="getTotalUser" parameterType="Map" resultType="int">
        select count(*) from tb_user
    </select>

    <select id="findAllUsers" resultMap="UserResult">
        select id,name,password from tb_user
        order by id desc
    </select>
    <insert id="insertUser" parameterType="ltd.newbee.mall.entity.User">
        insert into tb_user(name,password)
        values(#{name},#{password})
    </insert>
    <update id="updUser" parameterType="ltd.newbee.mall.entity.User">
        update tb_user
        set
        name=#{name},password=#{password}
        where id=#{id}
    </update>
    <delete id="delUser" parameterType="int">
        delete from tb_user where id=#{id}
    </delete>
</mapper>