<?xml version="1.0" encoding="UTF-8"?>
<!DOCTYPE mapper PUBLIC "-//mybatis.org//DTD Mapper 3.0//EN" "http://mybatis.org/dtd/mybatis-3-mapper.dtd">
<mapper namespace="ltd.newbee.mall.dao.MallUserMapper">
    <resultMap id="BaseResultMap" type="ltd.newbee.mall.entity.MallUser">
        <id column="user_id" jdbcType="BIGINT" property="userId"/>
        <result column="nick_name" jdbcType="VARCHAR" property="nickName"/>
        <result column="login_name" jdbcType="VARCHAR" property="loginName"/>
        <result column="password_md5" jdbcType="VARCHAR" property="passwordMd5"/>
        <result column="introduce_sign" jdbcType="VARCHAR" property="introduceSign"/>
        <result column="address" jdbcType="VARCHAR" property="address"/>
        <result column="is_deleted" jdbcType="TINYINT" property="isDeleted"/>
        <result column="locked_flag" jdbcType="TINYINT" property="lockedFlag"/>
        <result column="create_time" jdbcType="TIMESTAMP" property="createTime"/>
    </resultMap>

    <sql id="Base_Column_List">
        user_id, nick_name, login_name, password_md5, introduce_sign, address, is_deleted,
        locked_flag, create_time
    </sql>

    <select id="selectByLoginName" parameterType="java.lang.String" resultMap="BaseResultMap">
        select
        <include refid="Base_Column_List"/>
        from tb_newbee_mall_user
        where login_name = #{loginName} and is_deleted = 0
    </select>

    <select id="selectByLoginNameAndPasswd" resultMap="BaseResultMap">
        select
        <include refid="Base_Column_List"/>
        from tb_newbee_mall_user
        where login_name = #{loginName} and password_md5 = #{password} and is_deleted = 0
    </select>

    <insert id="insertSelective" parameterType="ltd.newbee.mall.entity.MallUser">
        insert into tb_newbee_mall_user
        <trim prefix="(" suffix=")" suffixOverrides=",">
            <if test="userId != null">
                user_id,
            </if>
            <if test="nickName != null">
                nick_name,
            </if>
            <if test="loginName != null">
                login_name,
            </if>
            <if test="passwordMd5 != null">
                password_md5,
            </if>
            <if test="introduceSign != null">
                introduce_sign,
            </if>
            <if test="address != null">
                address,
            </if>
            <if test="isDeleted != null">
                is_deleted,
            </if>
            <if test="lockedFlag != null">
                locked_flag,
            </if>
            <if test="createTime != null">
                create_time,
            </if>
        </trim>
        <trim prefix="values (" suffix=")" suffixOverrides=",">
            <if test="userId != null">
                #{userId,jdbcType=BIGINT},
            </if>
            <if test="nickName != null">
                #{nickName,jdbcType=VARCHAR},
            </if>
            <if test="loginName != null">
                #{loginName,jdbcType=VARCHAR},
            </if>
            <if test="passwordMd5 != null">
                #{passwordMd5,jdbcType=VARCHAR},
            </if>
            <if test="introduceSign != null">
                #{introduceSign,jdbcType=VARCHAR},
            </if>
            <if test="address != null">
                #{address,jdbcType=VARCHAR},
            </if>
            <if test="isDeleted != null">
                #{isDeleted,jdbcType=TINYINT},
            </if>
            <if test="lockedFlag != null">
                #{lockedFlag,jdbcType=TINYINT},
            </if>
            <if test="createTime != null">
                #{createTime,jdbcType=TIMESTAMP},
            </if>
        </trim>
    </insert>
</mapper>